Workbook

Sheet Synthèse
A1: Synthèse de qualification
A3: Outil | B3: ShutterstockAnalyzer
A4: Version | B4: v2.0.0
A5: Date génération | B5: 2026-05-19 07:32
A6: Nombre de tests | B6: 49
A7: Environnement | B7: Windows 10/11 — Python 3.11
A8: Testeur principal
A11: Catégorie | B11: Total | C11: OK | D11: NOK | E11: NA | F11: Bloqué | G11: Taux OK
A12: Cas limites | B12: =COUNTIF(Tests!B:B,"Cas limites") | C12: =COUNTIFS(Tests!B:B,"Cas limites",Tests!J:J,"OK") | D12: =COUNTIFS(Tests!B:B,"Cas limites",Tests!J:J,"NOK") | E12: =COUNTIFS(Tests!B:B,"Cas limites",Tests!J:J,"NA") | F12: =COUNTIFS(Tests!B:B,"Cas limites",Tests!J:J,"Bloqué") | G12: =IFERROR(C12/(B12-E12),0)
A13: Entrées | B13: =COUNTIF(Tests!B:B,"Entrées") | C13: =COUNTIFS(Tests!B:B,"Entrées",Tests!J:J,"OK") | D13: =COUNTIFS(Tests!B:B,"Entrées",Tests!J:J,"NOK") | E13: =COUNTIFS(Tests!B:B,"Entrées",Tests!J:J,"NA") | F13: =COUNTIFS(Tests!B:B,"Entrées",Tests!J:J,"Bloqué") | G13: =IFERROR(C13/(B13-E13),0)
A14: IHM | B14: =COUNTIF(Tests!B:B,"IHM") | C14: =COUNTIFS(Tests!B:B,"IHM",Tests!J:J,"OK") | D14: =COUNTIFS(Tests!B:B,"IHM",Tests!J:J,"NOK") | E14: =COUNTIFS(Tests!B:B,"IHM",Tests!J:J,"NA") | F14: =COUNTIFS(Tests!B:B,"IHM",Tests!J:J,"Bloqué") | G14: =IFERROR(C14/(B14-E14),0)
A15: Paramètres | B15: =COUNTIF(Tests!B:B,"Paramètres") | C15: =COUNTIFS(Tests!B:B,"Paramètres",Tests!J:J,"OK") | D15: =COUNTIFS(Tests!B:B,"Paramètres",Tests!J:J,"NOK") | E15: =COUNTIFS(Tests!B:B,"Paramètres",Tests!J:J,"NA") | F15: =COUNTIFS(Tests!B:B,"Paramètres",Tests!J:J,"Bloqué") | G15: =IFERROR(C15/(B15-E15),0)
A16: Performance | B16: =COUNTIF(Tests!B:B,"Performance") | C16: =COUNTIFS(Tests!B:B,"Performance",Tests!J:J,"OK") | D16: =COUNTIFS(Tests!B:B,"Performance",Tests!J:J,"NOK") | E16: =COUNTIFS(Tests!B:B,"Performance",Tests!J:J,"NA") | F16: =COUNTIFS(Tests!B:B,"Performance",Tests!J:J,"Bloqué") | G16: =IFERROR(C16/(B16-E16),0)
A17: Robustesse | B17: =COUNTIF(Tests!B:B,"Robustesse") | C17: =COUNTIFS(Tests!B:B,"Robustesse",Tests!J:J,"OK") | D17: =COUNTIFS(Tests!B:B,"Robustesse",Tests!J:J,"NOK") | E17: =COUNTIFS(Tests!B:B,"Robustesse",Tests!J:J,"NA") | F17: =COUNTIFS(Tests!B:B,"Robustesse",Tests!J:J,"Bloqué") | G17: =IFERROR(C17/(B17-E17),0)
A18: Régression | B18: =COUNTIF(Tests!B:B,"Régression") | C18: =COUNTIFS(Tests!B:B,"Régression",Tests!J:J,"OK") | D18: =COUNTIFS(Tests!B:B,"Régression",Tests!J:J,"NOK") | E18: =COUNTIFS(Tests!B:B,"Régression",Tests!J:J,"NA") | F18: =COUNTIFS(Tests!B:B,"Régression",Tests!J:J,"Bloqué") | G18: =IFERROR(C18/(B18-E18),0)
A19: Sorties | B19: =COUNTIF(Tests!B:B,"Sorties") | C19: =COUNTIFS(Tests!B:B,"Sorties",Tests!J:J,"OK") | D19: =COUNTIFS(Tests!B:B,"Sorties",Tests!J:J,"NOK") | E19: =COUNTIFS(Tests!B:B,"Sorties",Tests!J:J,"NA") | F19: =COUNTIFS(Tests!B:B,"Sorties",Tests!J:J,"Bloqué") | G19: =IFERROR(C19/(B19-E19),0)
A20: TOTAL | B20: =SUM(B12:B19) | C20: =SUM(C12:C19) | D20: =SUM(D12:D19) | E20: =SUM(E12:E19) | F20: =SUM(F12:F19) | G20: =IFERROR(C20/(B20-E20),0)
A23: Conclusion
A24: Décision (go / no-go / go conditionnel)
A25: Signature
A26: Date

Sheet Tests
A1: ID_Test | B1: Catégorie | C1: Exigence | D1: Fonctionnalité | E1: Description | F1: Pré-requis | G1: Données entrée | H1: Résultat attendu | I1: Résultat obtenu | J1: Statut | K1: Sévérité | L1: Testeur | M1: Date | N1: Commentaires
A2: T-001 | B2: IHM | C2: REQ-IHM-01 | D2: Topbar / Theme | E2: Toggle theme 3× (light→dark→system→light) | F2: App lancée | G2: 3 clics sur 🌙/☀/⚙ | H2: La fenêtre garde sa taille, palette change, aucune erreur log | J2: NA | K2: mineure
A3: T-002 | B3: IHM | C3: REQ-IHM-02 | D3: Topbar / Aide | E3: Bouton Aide → modal raccourcis | F3: App lancée | G3: Clic ? ou Ctrl+? | H3: Modal listant tous les raccourcis, fermable par Esc | J3: NA | K3: mineure
A4: T-003 | B4: IHM | C4: REQ-IHM-03 | D4: Sources / Scanner | E4: Scanner un dossier de 10 images JPEG valides | F4: Dossier test préparé | G4: Sélectionner dossier puis cliquer Scanner | H4: DataTable affiche 10 lignes, compteur = « 10 fichiers : 10 » | J4: NA | K4: majeure
A5: T-004 | B5: IHM | C5: REQ-IHM-04 | D5: Sources / + Fichiers | E5: Ajouter 5 fichiers via le bouton + Fichiers… | F5: Liste déjà peuplée | G5: Multi-sélection 5 jpg dans le dialogue | H5: Ajout sans doublons, compteur incrémenté | J5: NA | K5: mineure
A6: T-005 | B6: IHM | C6: REQ-IHM-05 | D6: Sources / Supprimer | E6: Supprimer une sélection via clavier (Suppr) ou bouton | F6: 1 ligne sélectionnée | G6: Touche Suppr | H6: Ligne retirée, compteur −1, focus voisin | J6: NA | K6: mineure
A7: T-006 | B7: IHM | C7: REQ-IHM-06 | D7: Sources / Vider | E7: Bouton Vider — action destructive avec confirmation | F7: Liste non vide | G7: Clic Vider → Confirmer | H7: Liste vide après confirmation, refus si Annuler | J7: NA | K7: mineure
A8: T-007 | B8: IHM | C8: REQ-IHM-07 | D8: Sources / Tout-Aucun | E8: Boutons Tout / Aucun pour la sélection | F8: Liste non vide | G8: Clic Tout puis clic Aucun | H8: Sélection complète puis vidée | J8: NA | K8: mineure
A9: T-008 | B9: IHM | C9: REQ-IHM-08 | D9: Éditeur / Collapse | E9: Toggle ▼/▶ masque/affiche le corps | F9: App lancée | G9: Clic flèche | H9: Corps masqué/visible, état conservé pendant la session | J9: NA | K9: mineure
A10: T-009 | B10: IHM | C10: REQ-IHM-09 | D10: Éditeur / Lire | E10: Double-clic ligne → 5 champs remplis depuis IPTC | F10: Image scannée avec IPTC | G10: Double-clic ligne Sources | H10: Titre/Description/Mots-clés/Auteur/Copyright remplis | J10: NA | K10: majeure
A11: T-010 | B11: IHM | C11: REQ-IHM-10 | D11: Éditeur / Écrire | E11: Modifier titre + cliquer Écrire | F11: Image scannée | G11: Modifier puis clic Écrire | H11: Toast succès, IPTC du fichier modifié sur disque (vérif avec exiftool) | J11: NA | K11: majeure
A12: T-011 | B12: IHM | C12: REQ-IHM-11 | D12: Éditeur / Rapport expert sans sélection | E12: Cliquer Rapport expert sans avoir sélectionné de fichier | F12: App lancée | G12: Clic Rapport expert… | H12: Toast warning « Sélectionnez d'abord une image » | J12: NA | K12: majeure
A13: T-012 | B13: IHM | C13: REQ-IHM-12 | D13: Éditeur / Rapport expert avec sélection | E13: Cliquer Rapport expert après double-clic sur ligne | F13: Image scannée + double-clic | G13: Clic Rapport expert… | H13: Modal s'ouvre, mode « Rapide (sans IA) », 8 sections affichées | J13: NA | K13: critique
... A50: T-082 | B50: Régression | C50: REQ-REG-03 | D50: Build PyInstaller | E50: build.py debug + release sortent un EXE qui démarre | F50: — | G50: python build.py all | H50: 2 EXE produits, smoke test mainloop OK, exit code 0 | J50: NA | K50: critique
